,From lab experiments,,,Model 0 from each Pdb file (only one aptamer per file),EARLY CHOICE COLOR,SECOND CHOICE COLOR,,,LAST FIND COLOR,
,Affinity Data,"Same sequence but different order, or different sequence","Number of chains in aptamer (1 , 2, ...)",Oligonucleotide_Sequence,Oligonucleotide_Length,Fold_Energy_aptamer (Matlab RNA-FOLD),Number of chains in the protein,"Same sequence but different order, or different sequence",Protein_Sequence_A,Protein_Sequence_B
1exd,Kd=7.1nM,,1?,GGGGUAUCGCCAAGCGGUAAGGCACCGGAUUCUGAUUCCGGAGGUCGAGGUUCGAAUCCUCGUACCCCAGCCA,73,-31.8,2?,same?,MSEAEARPTNFIRQIIDEDLASGKHTTVHTRFPPEPNGYLHIGHAKSICLNFGIAQDYKGQCNLRFDDTNPVKEDIEYVESIKNDVEWLGFHWSGNVRYSSDYFDQLHAYAIELINKGLAYVDELTPEQIREYRGTLTQPGKNSPYRDRSVEENLALFEKMRAGGFEEGKACLRAKIDMASPFIVMRDPVLYRIKFAEHHQTGNKWCIYPMYDFTHCISDALEGITHSLCTLEFQDNRRLYDWVLDNITIPVHPRQYEFSRLNLEYTVMSKRKLNLLVTDKHVEGWDDPRMPTISGLRRRGYTAASIREFCKRIGVTKQDNTIEMASLESCIREDLNENAPRAMAVIDPVKLVIENYQGEGEMVTMPNHPNKPEMGSRQVPFSGEIWIDRADFREEANKQYKRLVLGKEVRLRNAYVIKAERVEKDAEGNITTIFCTYDADTLSKDPADGRKVKGVIHWVSAAHALPVEIRLYDRLFSVPNPGAADDFLSVINPESLVIKQGFAEPSLKDAVAGKAFQFEREGYFCLDSRHSTAEKPVFNRTVGLRDT,
1il2,Kd=3uM,same?,2?,UCCGUGAUAGUUUAAUGGUCAGAAUGGGCGCUUGUCGCGUGCCAGAUCGGGGUUCAAUUCCCCGUCGCGGAGCCA,75,-30.3,3?,different?,MRTEYCGQLRLSHVGQQVTLCGWVNRRRDLGSLIFIDMRDREGIVQVFFDPDRADALKLASELRNEFCIQVTGTVRARDEKNINRDMATGEIEVLASSLTIINRADVLPLDSNHVNTEEARLKYRYLDLRRPEMAQRLKTRAKITSLVRRFMDDHGFLDIETPMLTKATPEGARDYLVPSRVHKGKFYALPQSPQLFKQLLMMSGFDRYYQIVKCFRDEDLRADRQPEFTQIDVETSFMTAPQVREVMEALVRHLWLEVKGVDLGDFPVMTFAEAERRYGSDKPDLRNPMELTDVADLLKSVEFAVFAGPANDPKGRVAALRVPGGASLTRKQIDEYGNFVKIYGAKGLAYIKVNERAKGLEGINSPVAKFLNAEIIEDILDRTAAQDGDMIFFGADNKKIVADAMGALRLKVGKDLGLTDESKWAPLWVIDFPMFEDDGEGGLTAMHHPFTSPKDMTAAELKAAPENAVANAYDMVINGYEVGGGSVRIHNGDMQQTVFGILGINEEEQREKFGFLLDALKYGTPPHAGLAFGLDRLTMLLTGTDNIRDVIAFPKTTAAACLMTEAPSFANPTALAELSIQVVKKAENN,
1jbr,Kd=1uM,,1?,GCGCUCCUCAGUACGAGAGGAACCGGAGCGC,31,-13.6,2?,,ATWTCINQQLNPKTNKWEDKRLLYSQAKAESNSHHAPLSDGKTGSSYPHWFTNGYDGNGKLIKGRTPIKFGKADCDRPPKHSQNGMGKDDHYLLEFPTFPDGHDYKFDSKKPKEDPGPARVIYTYPNKVFCGIVAHQRGNQGDLRLCSH,
1je8,Kd=0.15nM,different?,2?,CGTACCCATTAATGGGTACG,20,-11.5,,,MRGSHHHHHHGSATTERDVNQLTPRERDILKLIAQGLPNKMIARRLDITESTVKVHVKHMLKKMKLKSRVEAAVWVHQERIF,
1knz,Kd=79nM,,,UGACC,5,0,,,LGSMESTQQMAVSIINSSFEAAVVAATSALENMGIEYDYQDIYSRVKNKFDFVMDDSGVKNNPIGKAITIDQALNNKFGSAIRNRNWLADTSRPAKLDEDVNKLRMMLSSKGIDQKMRVLNACFSVKRIPGKSSSIIKCTKLMRDKLERGEVEVDDSFVDEKME,
1omh,Kd=70nM,,,GCGCACCGAAAGGTGCGTATTGTCT,25,-16.2,,,MLSHMVLTRQDIGRAASYYEDGADDYYAKDGDASEWQGKGAEELGLSGEVDSKRFRELLAGNIGEGHRIMRSATRQDSKERIGLDLTFSAPKSVSLQALVAGDAEIIKAHDRAVARTLEQAEARAQARQKIQGKTRIETTGNLVIGKFRHETSRERDPQLHTHAVILNMTKRSDGQWRALKNDEIVKATRYLGAVYNAELAHELQKLGYQLRYGKDGNFDLAHIDRQQIEGFSKRTEQIAEWYAARGLDPNSVSLEQKQAAKVLSRAKKTSVDREALRAEWQATAKELGIDFS,
1osb,Kd=70nM,,,GCGCACCGAAAGGTGCGTATTGTCT,25,-16.2,,,MLSHMVLTRQDIGRAASYYEDGADDYYAKDGDASEWQGKGAEELGLSGEVDSKRFRELLAGNIGEGHRIMRSATRQDSKERIGLDLTFSAPKSVSLQALVAGDAEIIKAHDRAVARTLEQAEARAQARQKIQGKTRIETTGNLVIGKFRHETSRERDPQLHTHAVILNMTKRSDGQWRALKNDEIVKATRYLGAVYNAELAHELQKLGYQLRYGKDGNFDLAHIDRQQIEGFSKRTEQIAEWYAARGLDPNSVSLEQKQAAKVLSRAKKTSVDREALRAEWQATAKELGIDFS,
1rkj,Kd=1.1uM,,,GGAUGCCUCCCGAGUGCAUCC,21,-6.7,,,GSHMVEGSESTTPFNLFIGNLNPNKSVAELKVAISELFAKNDLAVVDVRTGTNRKFGYVDFESAEDLEKALELTGLKVFGNEIKLEKPKGRDSKKVRAARTLLAKNLSFNITEDELKEVFEDALEIRLVSQDGKSKGIAYIEFKSEADAEKNLEEKQGAEIDGRSVSLYYTGEKG,
1rpu,Kd=0.17nM,,,CGUACGCGUCACGCGUACGUU,21,-11.2,,,MERAIQGNDTREQANGERWDGGSGGITSPFKLPDESPSWTEWRLYNDETNSNQDNPLGFKESWGFGKVVFKRYLRYDRTEASLHRVLGSWTGDSVNYAASRFLGANQVGCTYSIRFRGVSVTISGGSRTLQHLCEMAIRSKQELLQLTPVEVESNVSRGCPEGIETFKKESE,
1s03,Kd=0.2uM,,,GGACGAUGGCGAAACUGCAUGAGGCAAUUCAUGCAAGUCCCUCGUCC,47,-19.4,,,SMQDPIADMLTRIRNGQAANKAAVTMPSSKLKVAIANVLKEEGFIEDFKVEGDTKPELELTLKYFQGKAVVESIQRVSRPGLRIYKRKDELPKVMAGLGIAVVSTSKGVMTDRAARQAGLGGEIICYVA,
1s40,Kd=0.3nM,,,GTGTGGGTGTG,11,0,,,MRMSKMARKDPTIEFCQLGLDTFETKYITMFGMLVSCSFDKPAFISFVFSDFTKNDIVQNYLYDRYLIDYENKLELNEGFKAIMYKNQFETFDSKLRKIFNNGLRDLQNGRDENLSQYGIVCKMNIKVKMYNGKLNAIVRECEPVPHSQISSIASPSQCEHLRLFYQRAFKRIGESAISRYFEEYRRFFPIHRNGSHLA,
1u63,Kd=0.52nM,,,GGGAGUGAAGGAGGCUCGCGAACUCGCGAAGCCGAGAAACUUCACUCCC,49,-26.1,,,MDREALLQAVKEARELAKPRNFTQSFEFIATLKEIDMRKPENRIKTEVVLPHGRGKEAKIAVIGTGDLAKQAEELGLTVIRKEEIEELGKNKRKLRKIAKAHDFFIAQADLMPLIGRYMGVILGPRGKMPKPVPANANIKPLVERLKKTVVINTRDKPYFQVLVGNEKMTDEQIVDNIEAVLNVVAKKYEKGLYHIKDAYVKLTMGPAVKVKKEKAKKK,
1u6p,Kd=75nM,,,GGCGGUACUAGUUGAGAAACUAGCUCUGUAUCUGGCGGACCCGUGGUGGAACUGUGAAGUUCGGAACACCCGGCCGCAACCCUGGGAGAGGUCCCAGGGUU,101,-44.1,,,ATVVSGQKQDRQGGERRRSQLDRDQCAYCKEKGHWAKDCPKKPRGPRGPRPQTSLL,
1wwd,Kd=250nM,,,AACAGU,6,0,,,ATVVSGQKQDRQGGERRRSQLDRDQCAYCKEKGHWAKDCPKKPRGPRGPRPQTSLL,
1wwe,Kd=170nM,,,UUUUGCU,7,0,,,ATVVSGQKQDRQGGERRRSQLDRDQCAYCKEKGHWAKDCPKKPRGPRGPRPQTSLL,
1wwf,Kd=94nM,,,CCUCCGU,7,0,,,ATVVSGQKQDRQGGERRRSQLDRDQCAYCKEKGHWAKDCPKKPRGPRGPRPQTSLL,
1wwg,Kd=95nM,,,UAUCUG,6,0,,,ATVVSGQKQDRQGGERRRSQLDRDQCAYCKEKGHWAKDCPKKPRGPRGPRPQTSLL,
1zzi,Kd=2.2uM,,,CTCCCC,6,0,,,GAMGPIITTQVTIPKDLAGSIIGKGGQRIKQIRHESGASIKIDEPLEGSEDRIITITGTQDQIQNAQYLLQNSVKQYSGKFF,
2b6g,Kd=30nM,,,GGAGGCUCUGGCAGCUUUC,19,-5.5,,,GSNVFNNTITHPNAGPTSATSTSTSSNGNTPLSSNSSMNPKSLTDPKLLKNIPMWLKSLRLHKYSDALSGTPWIELIYLDDETLEKKGVLALGARRKLLKAFGIVIDYKERDLIDRSAY,
2ccz,Kd=100nM,,,TTTTTTTTTTTTTTT,15,0,,,MDPNSLMTNRLVLSGTVCRAPLRKVSPSGIPHCQFVLEHRSVQEEAGFHRQAWCQMPVIVSGHENQAITHSITVGSRITVQGFISCHKAKNGLSKMVLHAEQIELIDSVDKLAAALEHHHHHH,
2err,Kd=1.09nM,,,UGCAUGU,7,0,,,MGSSHHHHHHSSGLVPRGSHMNTENKSQPKRLHVSNIPFRFRDPDLRQMFGQFGKILDVEIIFNERGSKGFGFVTFENSADADRAREKLHGTVVEGRKIEVNNATARVM,
2kz5,Kd=1nM,,,GGCAGAUCUGAGCCUGGGAGCUCUCUGCC,29,-11.9,,,RVRCRQRKGRRICIRIPP,
2la5,Kd=3.8nM,,,GCUGCGGUGUGGAAGGAGUGGCUGGGUUGCGCAGCG,36,-10.3,,,GPRRGDGRRRGGGGRGQ,
2leb,Kd=0.27uM,,,UCCAGU,6,0,,,MGSSHHHHHHSSGLVPRGSHMASMTGGQQMGRGSMSYGRPPPDVEGMTSLKVDNLTYRTSPDTLRRVFEKYGRVGDVYIPRDRYTKESRGFAFVRFHDKRDAEDAMDAMDGAVLDGRELRVQMARYGRPPDSHHS,
2lec,Kd=0.22uM,,,UGGAGU,6,0,,,MGSSHHHHHHSSGLVPRGSHMASMTGGQQMGRGSMSYGRPPPDVEGMTSLKVDNLTYRTSPDTLRRVFEKYGRVGDVYIPRDRYTKESRGFAFVRFHDKRDAEDAMDAMDGAVLDGRELRVQMARYGRPPDSHHS,
2mki,Kd=15.8uM,,,CUUUA,5,0,,,SHQNGERVERYSRKVFVGGLPPDIDEDEITASFRRFGPLIVDWPHKAESKSYFPPKGYAFLLFQDESSVQALIDACIEEDGKLYLCVSSPTIKDKPVQIRPWNLSDSDFVMDGSQPLDPRKTIFVGGVPRPLRAVELAMIMDRLYGGVCYAGIDTDPELKYPKGAGRVAFSNQQSYIAAISARFVQLQHGEIDKRVEVKPYVL,
2mkk,Kd=1.58uM,,,UUUUA,5,0,,,SHQNGERVERYSRKVFVGGLPPDIDEDEITASFRRFGPLIVDWPHKAESKSYFPPKGYAFLLFQDESSVQALIDACIEEDGKLYLCVSSPTIKDKPVQIRPWNLSDSDFVMDGSQPLDPRKTIFVGGVPRPLRAVELAMIMDRLYGGVCYAGIDTDPELKYPKGAGRVAFSNQQSYIAAISARFVQLQHGEIDKRVEVKPYVL,
3moj,Kd=54pM,,,GGCUCAUCACAUCCUGGGGCUGGAAACGGUCCCAAGGGUAUGGCUGUUCGCCAUUUAAAGUGGUACGCGAGCUA,74,-34.5,,,MKLYFNGGKKKKIRAVDFVGTIAKIDGVSADDIGIITIMDNASYVEILNGKGPHVLKVMKNTTVKGKQLKVNKANK,
3rn2,Kd=0.112uM,,,CCATCAAAGATCTTTGATGG,20,-8.4,,,GSVDSIREGFQKRCLPVMVLKAKKPFTFETQEGKQEMFHATVATEKEFFFVKVFNTLLKDKFIPKRIIIIARYYRHSGFLEVNSASRVLDAESDQKVNVPLNIIRKAGETPKINTLQTQPLGTIVNGLFVVQKVTEKKKNILFDLSDNTGKMEVLGVRNEDTMKCKEGDKVRLTFFTLSKNGEKLQLTSGVHSTIKVIKAKKKTAAAS,
3v7e,Kd=270nM,,,GGCUUAUCAAGAGAGGUGGAGGGACUGGCCCGAUGAAACCCGGCAACCACUAGUCUAGCGUCAGCUUCGGCUGACGCUAGGCUAGUGGUGCCAAUUCCUGCAGCGGAAACGUUGAAAGAUGAGCCA,126,-79.5,,,GSYDKVSQAKSIIIGTKQTVKALKRGSVKEVVVAKDADPILTSSVVSLAEDQGISVSMVESMKKLGKACGIEVGAAAVAIIL,
4hid,Kd=855nM,,,GCTTACGGT,9,0,,,MSDSFSLLSQITPHQRCSFYAQVIKTWYSDKNFTLYVTDYTENELFFPMSPYTSSSRWRGPFGRFSIRCILWDEHDFYCRNYIKEGDYVVMKNVRTKIDHLGYLECILHGDSAKRYNMSIEKVDSEEPELNEIKSRKRLYVQN,
4hik,Kd=24nM,,,GGTTACGGT,9,0,,,MSDSFSLLSQITPHQRCSFYAQVIKTWYSDKNFTLYVTDYTENELFFPMSPYTSSSRWRGPFGRFSIRCILWDEHDFYCRNYIKEGDYVVMKNVRTKIDHLGYLECILHGDSAKRYNMSIEKVDSEEPELNEIKSRKRLYVQN,
4him,Kd=37nM,,,GGATACGGT,9,0,,,MSDSFSLLSQITPHQRCSFYAQVIKTWYSDKNFTLYVTDYTENELFFPMSPYTSSSRWRGPFGRFSIRCILWDEHDFYCRNYIKEGDYVVMKNVRTKIDHLGYLECILHGDSAKRYNMSIEKVDSEEPELNEIKSRKRLYVQN,
4hio,Kd=21nM,,,GGTAACGGT,9,0,,,MSDSFSLLSQITPHQRCSFYAQVIKTWYSDKNFTLYVTDYTENELFFPMSPYTSSSRWRGPFGRFSIRCILWDEHDFYCRNYIKEGDYVVMKNVRTKIDHLGYLECILHGDSAKRYNMSIEKVDSEEPELNEIKSRKRLYVQN,
4hj5,Kd=63nM,,,GGTTTCGGT,9,0,,,MSDSFSLLSQITPHQRCSFYAQVIKTWYSDKNFTLYVTDYTENELFFPMSPYTSSSRWRGPFGRFSIRCILWDEHDFYCRNYIKEGDYVVMKNVRTKIDHLGYLECILHGDSAKRYNMSIEKVDSEEPELNEIKSRKRLYVQN,
4hj7,Kd=6nM,,,GGTTAGGGT,9,0,,,MSDSFSLLSQITPHQRCSFYAQVIKTWYSDKNFTLYVTDYTENELFFPMSPYTSSSRWRGPFGRFSIRCILWDEHDFYCRNYIKEGDYVVMKNVRTKIDHLGYLECILHGDSAKRYNMSIEKVDSEEPELNEIKSRKRLYVQN,
4hj8,Kd=22nM,,,GGTTACGCT,9,0,,,MSDSFSLLSQITPHQRCSFYAQVIKTWYSDKNFTLYVTDYTENELFFPMSPYTSSSRWRGPFGRFSIRCILWDEHDFYCRNYIKEGDYVVMKNVRTKIDHLGYLECILHGDSAKRYNMSIEKVDSEEPELNEIKSRKRLYVQN,
4kze,Kd=25nM,,,GGACGCGACCGAAAUGGUGAAGGACGGGUCCAGUGCGAAACACGCACUGUUGAGUAGAGUGUGAGCUCCGUAACUGGUCGCGUC,84,-35.1,? 2  + 3 ?,,EISEVQLVESGGGLVQPGGSLRLSCAASGFYISYSSIHWVRQAPGKGLEWVASISPYSGSTYYADSVKGRFTISADTSKNTAYLQMNSLRAEDTAVYYCARQGYRRRSGRGFDYWGQGTLVTVSSASTKGPSVFPLAPSSKSTSGGTAALGCLVKDYFPEPVTVSWNSGALTSGVHTFPAVLQSSGLYSLSSVVTVPSSSLGTQTYICNVNHKPSNTKVDKKVEPKSCDKTH,SDIQMTQSPSSLSASVGDRVTITCRASQSVSSAVAWYQQKPGKAPKLLIYSASSLYSGVPSRFSGSRSGTDFTLTISSLQPEDFATYYCQQSYSFPSTFGQGTKVEIKRTVAAPSVFIFPPSDEQLKSGTASVVCLLNNFYPREAKVQWKVDNALQSGNSQESVTEQDSKDSTYSLSSTLTLSKADYEKHKVYACEVTHQGLSSPVTKSFNRGEC
4mdx,Kd=64nM,,,UUUACAUAA,9,0,,,SMIVKRGDVYFADLSPVVGSEQGGVRPVLVIQNDIGNRFSPTAIVAAITAQIQKAKLPTHVEIDAKRYGFERDSVILLEQIRTIDKQRLTDKITHLDDEMMDKVDEALQISLALIDF,
4pdb,Kd=110nM,,,GGGAUGCUCAGUGAUCCUUCGGGAUAUCAGGGCAUCCC,38,-23.5,,,MGSSHHHHHHSSGLVPRGSHMASMVMTDPIADMLTRIRNANMVRHEKLEVPASKIKKEIAELLKREGFIRDVEYIEDNKQGILRIFLKYGANNERVITGLKRISKPGLRVYAKADEVPRVLNGLGIALVSTSKGVMTDKDARQLQTGGEVVAYVW,
4s0n,Kd=13nM,,,TTTTTTTTTT,10,0,,,GPGSVDSVLFGSLRGHVVGLRYYTGVVNNNEMVALQRDPNNPYDKNAIKVNNVNGNQVGHLKKELAGALAYIMDNKLAQIEGVVPFGANNAFTMPLHMTFWGKEENRKAVSDQLKKHGFKLGPAPKTLGF,
5wwe,Kd=534.8nM,,,AGGGACUAGC,10,0,,,RKKREKEQFRKLFIGGLSFETTEESLRNYYEQWGKLTDCVVMRDPASKRSRGFGFVTFSSMAEVDAAMAARPHSIDGRVVEPKRAVAREESGKPGAHVTVKKLFVGGIKEDTEEHHLRDYFEEYGKIDTIEIITDRQSGKKRGFGFVTFDDHDPVDKIVLQKYHTINGHNAEVRKALSRQEMQE,
5wwf,Kd=238.1nM,,,AAGGACGAGC,10,0,,,RKKREKEQFRKLFIGGLSFETTEESLRNYYEQWGKLTDCVVMRDPASKRSRGFGFVTFSSMAEVDAAMAARPHSIDGRVVEPKRAVAREESGKPGAHVTVKKLFVGGIKEDTEEHHLRDYFEEYGKIDTIEIITDRQSGKKRGFGFVTFDDHDPVDKIVLQKYHTINGHNAEVRKALSRQEMQE,
5wwg,Kd=219.8nM,,,AAGGACUUGC,10,0,,,RKKREKEQFRKLFIGGLSFETTEESLRNYYEQWGKLTDCVVMRDPASKRSRGFGFVTFSSMAEVDAAMAARPHSIDGRVVEPKRAVAREESGKPGAHVTVKKLFVGGIKEDTEEHHLRDYFEEYGKIDTIEIITDRQSGKKRGFGFVTFDDHDPVDKIVLQKYHTINGHNAEVRKALSRQEMQE,
5wzg,Kd=32nM,,,GAAUUGACGG,10,0,,,MGSSHHHHHHMRKEIDPETSKYFSEIANLFDSNEVELEERSVICGNALEETRGREYEIATDYIISHVLQTLLEGCELDQLCSFIRNSASVFPAIAMDRSGSHVAESALKSLATHLENPDAYSVIEEALHSICKVIVDNPLDMMCNCYGSHVLRRLLCLCKGVSLDSPELYGAKSSKALAKRLNLKMSQLDDNNLEIPHQGFPGMLTYLLSGLLSCSREDMKYLQVDQYSSLVLQTALRLMLKQDEQLLEIIPLILRCNSTNKKVEGFHIETNVAKEILESMKDNSFSHLVEVILEVAPESLYNEMFNKVFKNSLFELSVDRCANFVIQALISHARDQEQMGIMWEELAPRFKDLLEQGKSGVVASLIAVSQRLQSHENKCCEALVGAVCSTNESRISILPRLLFLDYYFGCRDKSTWEWAPGAKMHVMGCLILQGIFKFSSDHIQPYITSLTSMKAEYITETAKDSSGARVIEAFLASDAATKQKRRLIIKLRGHFGELSLHTSGSFTVEKCFDACNLTLREAIASELLDVKVDLSKTKQGPYLLRKLDIDGYASRPDQWKSRQEAKQSTYNEFCSAFGSNK,
5wzh,Kd=21nM,,,GGAAUUGACGG,11,0,,,MGSSHHHHHHMRKEIDPETSKYFSEIANLFDSNEVELEERSVICGNALEETRGREYEIATDYIISHVLQTLLEGCELDQLCSFIRNSASVFPAIAMDRSGSHVAESALKSLATHLENPDAYSVIEEALHSICKVIVDNPLDMMCNCYGSHVLRRLLCLCKGVSLDSPELYGAKSSKALAKRLNLKMSQLDDNNLEIPHQGFPGMLTYLLSGLLSCSREDMKYLQVDQYSSLVLQTALRLMLKQDEQLLEIIPLILRCNSTNKKVEGFHIETNVAKEILESMKDNSFSHLVEVILEVAPESLYNEMFNKVFKNSLFELSVDRCANFVIQALISHARDQEQMGIMWEELAPRFKDLLEQGKSGVVASLIAVSQRLQSHENKCCEALVGAVCSTNESRISILPRLLFLDYYFGCRDKSTWEWAPGAKMHVMGCLILQGIFKFSSDHIQPYITSLTSMKAEYITETAKDSSGARVIEAFLASDAATKQKRRLIIKLRGHFGELSLHTSGSFTVEKCFDACNLTLREAIASELLDVKVDLSKTKQGPYLLRKLDIDGYASRPDQWKSRQEAKQSTYNEFCSAFGSNK,
5wzj,Kd=13nM,,,GGAUUUGACGG,11,0,,,MGSSHHHHHHMRKEIDPETSKYFSEIANLFDSNEVELEERSVICGNALEETRGREYEIATDYIISHVLQTLLEGCELDQLCSFIRNSASVFPAIAMDRSGSHVAESALKSLATHLENPDAYSVIEEALHSICKVIVDNPLDMMCNCYGSHVLRRLLCLCKGVSLDSPELYGAKSSKALAKRLNLKMSQLDDNNLEIPHQGFPGMLTYLLSGLLSCSREDMKYLQVDQYSSLVLQTALRLMLKQDEQLLEIIPLILRCNSTNKKVEGFHIETNVAKEILESMKDNSFSHLVEVILEVAPESLYNEMFNKVFKNSLFELSVDRCANFVIQALISHARDQEQMGIMWEELAPRFKDLLEQGKSGVVASLIAVSQRLQSHENKCCEALVGAVCSTNESRISILPRLLFLDYYFGCRDKSTWEWAPGAKMHVMGCLILQGIFKFSSDHIQPYITSLTSMKAEYITETAKDSSGARVIEAFLASDAATKQKRRLIIKLRGHFGELSLHTSGSFTVEKCFDACNLTLREAIASELLDVKVDLSKTKQGPYLLRKLDIDGYASRPDQWKSRQEAKQSTYNEFCSAFGSNK,
5wzk,Kd=0.16uM,,,GGAAUUGACGG,11,0,,,MGHHHHHHMRKEIDPETSKYFSEIANLFDSNEVELEERSVICGNALEETRGREYEIATDYIISHVLQTLLEGCELDQLCSFIRNSASVFPAIAMDRSGSHVAESALKSLATHLENPDAYSVIEEALHSICKVIVDNPLDMMCNCYGSHVLRRLLCLCKGVPHQGFPGMLTYLLSGLLSCSREDMKYLQVDQYSSLVLQTALRLMLKQDEQLLEIIPLILRCNSTNKKVEGFHIETNVAKEILESMKDNSFSHLVEVILEVAPESLYNEMFNKVFKNSLFELSVDRCANFVIQALISHARDQEQMGIMWEELAPRFKDLLEQGKSGVVASLIAVSQRLQSHENKCCEALVGAVCSTNESRISILPRLLFLDYYFGCRDKSTWEWAPGAKMHVMGCLILQGIFKFSSDHIQPYITSLTSMKAEYITETAKDSSGARVIEAFLASDAATKQKRRLIIKLRGHFGELSLHTSGSFTVEKCFDACNLTLREAIASELLDVKVDLSKTKQGPYLLRKLDIDGYASRPDQWKSRQEAKQSTYNEFCSAFGSNK,
6eo6,Kd=1nM,,,GGTUGGTGTGGTTGG,15,0,,,TFGSGEADCGLRPLFEKKSLEDKTERELLESYIDGR,IVEGSDAEIGMSPWQVMLFRKSPQELLCGASLISDRWVLTAAHCLLYPPWDKNFTENDLLVRIGKHSRTRYERNIEKISMLEKIYIHPRYNWRENLDRDIALMKLKKPVAFSDYIHPVCLPDRETAASLLQAGYKGRVTGWGNLKETWTANVGKGQPSVLQVVNLPIVERPVCKDSTRIRITDNMFCAGYKPDEGKRGDACEGDSGGPFVMKSPFNNRWYQMGIVSWGEGCDRDGKYGFYTHVFRLKKWIQKVIDQFGE
6eo7,Kd=0.39nM,,,GGTUGGTGTGGTTGG,15,0,,,TFGSGEADCGLRPLFEKKSLEDKTERELLESYIDGR,IVEGSDAEIGMSPWQVMLFRKSPQELLCGASLISDRWVLTAAHCLLYPPWDKNFTENDLLVRIGKHSRTRYERNIEKISMLEKIYIHPRYNWRENLDRDIALMKLKKPVAFSDYIHPVCLPDRETAASLLQAGYKGRVTGWGNLKETWTANVGKGQPSVLQVVNLPIVERPVCKDSTRIRITDNMFCAGYKPDEGKRGDACEGDSGGPFVMKSPFNNRWYQMGIVSWGEGCDRDGKYGFYTHVFRLKKWIQKVIDQFGE
5ytx,Kd=1.34uM,,,UCAACU,6,0,,,GSGDKKVIATKVLGTVKWFNVRNGYGFINRNDTKEDVFVHQTAIKKNNPRKYLRSVGDGETVEFDVVEGEKGAEAANVTGPGG,
5ytv,Kd=1.26uM,,,UCAUCU,6,0,,,GSGDKKVIATKVLGTVKWFNVRNGYGFINRNDTKEDVFVHQTAIKKNNPRKYLRSVGDGETVEFDVVEGEKGAEAANVTGPGG,
5ytt,Kd=3.77uM,,,UCAUGUU,7,0,,,GSGDKKVIATKVLGTVKWFNVRNGYGFINRNDTKEDVFVHQTAIKKNNPRKYLRSVGDGETVEFDVVEGEKGAEAANVTGPGG,
5yts,Kd=2.77uM,,,UCUUCU,6,0,,,GSGDKKVIATKVLGTVKWFNVRNGYGFINRNDTKEDVFVHQTAIKKNNPRKYLRSVGDGETVEFDVVEGEKGAEAANVTGPGG,